Image file,No of Panels
061-1.jp2,1
061-2.jp2,1
061-3.jp2,6
061-4.jp2,6
061-5.jp2,7
061-6.jp2,6
061-7.jp2,10
061-8.jp2,6
061-9.jp2,8
061-10.jp2,9
061-11.jp2,6
061-12.jp2,8
061-13.jp2,5
061-14.jp2,1
061-15.jp2,1
061-16.jp2,5
061-17.jp2,6
061-18.jp2,5
061-19.jp2,6
061-20.jp2,5
061-21.jp2,6
061-22.jp2,6
061-23.jp2,5
061-24.jp2,7
066-1.jp2,2
066-2.jp2,1
066-3.jp2,8
066-4.jp2,9
066-5.jp2,6
066-6.jp2,4
066-7.jp2,7
066-8.jp2,5
066-9.jp2,5
066-10.jp2,4
066-11.jp2,5
066-12.jp2,8
066-13.jp2,10
066-14.jp2,14
066-15.jp2,6
066-16.jp2,7
066-17.jp2,5
066-18.jp2,7
066-19.jp2,6
066-20.jp2,4
066-21.jp2,5
066-22.jp2,6
066-23.jp2,8
066-24.jp2,1
075-1.jp2,1
075-2.jp2,5
075-3.jp2,2
075-4.jp2,4
075-5.jp2,5
075-6.jp2,4
075-7.jp2,4
075-8.jp2,1
075-9.jp2,3
075-10.jp2,5
075-11.jp2,6
075-12.jp2,4
075-13.jp2,1
075-14.jp2,6
075-15.jp2,6
075-16.jp2,6
075-17.jp2,8
075-18.jp2,6
075-19.jp2,6
075-20.jp2,6
075-21.jp2,5
075-22.jp2,7
080-1.jp2,1
080-2.jp2,3
080-3.jp2,3
080-4.jp2,4
080-5.jp2,4
080-6.jp2,5
080-7.jp2,1
080-8.jp2,1
080-9.jp2,5
080-10.jp2,4
080-11.jp2,4
080-12.jp2,4
080-13.jp2,1
080-14.jp2,6
080-15.jp2,6
080-16.jp2,7
080-17.jp2,6
080-18.jp2,6
080-19.jp2,5
080-20.jp2,5
080-21.jp2,6
080-22.jp2,7
085-1.jp2,1
085-2.jp2,4
085-3.jp2,2
085-4.jp2,5
085-5.jp2,1
085-6.jp2,4
085-7.jp2,5
085-8.jp2,4
085-9.jp2,6
085-10.jp2,3
085-11.jp2,5
085-12.jp2,4
085-13.jp2,1
085-14.jp2,5
085-15.jp2,3
085-16.jp2,5
085-17.jp2,5
085-18.jp2,5
085-19.jp2,4
085-20.jp2,9
085-21.jp2,6
085-22.jp2,7
059-1.jp2,1
059-2.jp2,5
059-3.jp2,8
059-4.jp2,5
059-5.jp2,5
059-6.jp2,5
059-7.jp2,5
059-8.jp2,8
059-9.jp2,6
059-10.jp2,6
059-11.jp2,1
059-12.jp2,1
059-13.jp2,5
059-14.jp2,9
059-15.jp2,8
059-16.jp2,7
059-17.jp2,7
059-18.jp2,7
059-19.jp2,5
059-20.jp2,6
059-21.jp2,6
059-22.jp2,5
059-23.jp2,6
059-24.jp2,9
060-1.jp2,1
060-2.jp2,1
060-3.jp2,6
060-4.jp2,5
060-5.jp2,6
060-6.jp2,7
060-7.jp2,9
060-8.jp2,8
060-9.jp2,6
060-10.jp2,5
060-11.jp2,7
060-12.jp2,5
060-13.jp2,6
060-14.jp2,9
060-15.jp2,1
060-16.jp2,5
060-17.jp2,6
060-18.jp2,6
060-19.jp2,5
060-20.jp2,7
060-21.jp2,6
060-22.jp2,6
060-23.jp2,5
060-24.jp2,7
062-1.jp2,1
062-2.jp2,1
062-3.jp2,9
062-4.jp2,6
062-5.jp2,6
062-6.jp2,6
062-7.jp2,8
062-8.jp2,7
062-9.jp2,8
062-10.jp2,8
062-11.jp2,9
062-12.jp2,6
062-13.jp2,9
062-14.jp2,1
062-15.jp2,5
062-16.jp2,6
062-17.jp2,5
062-18 .jp2,6
062-19.jp2,4
062-20.jp2,6
062-21.jp2,6
062-22.jp2,5
062-23.jp2,6
063-1.jp2,1
063-2.jp2,1
063-3.jp2,1
063-4.jp2,6
063-5.jp2,13
063-6.jp2,7
063-7.jp2,7
063-8.jp2,7
063-9.jp2,6
063-10.jp2,6
063-11.jp2,6
063-12.jp2,6
063-13.jp2,6
063-14.jp2,10
064-1.jp2,1
064-2.jp2,1
064-3.jp2,1
064-4.jp2,7
064-5.jp2,7
064-6.jp2,8
064-7.jp2,8
064-8.jp2,8
064-9.jp2,5
064-10.jp2,9
064-11.jp2,5
064-12.jp2,6
064-13.jp2,6
064-14.jp2,10
065-1.jp2,1
065-2.jp2,1
065-3.jp2,1
065-4.jp2,6
065-5.jp2,8
065-6.jp2,8
065-7.jp2,9
065-8.jp2,5
065-9.jp2,6
065-10.jp2,5
065-11.jp2,4
065-12.jp2,5
065-13.jp2,11
065-14.jp2,12
067-1.jp2,1
067-2.jp2,1
067-3.jp2,7
067-4.jp2,7
067-5.jp2,6
067-6.jp2,8
067-7.jp2,6
067-8.jp2,5
067-9.jp2,5
067-10.jp2,7
067-11.jp2,8
067-12.jp2,7
067-13.jp2,10
067-14.jp2,1
067-15.jp2,6
067-16.jp2,6
067-17.jp2,5
067-18.jp2,6
067-19.jp2,5
067-20.jp2,7
067-21.jp2,6
067-22.jp2,5
067-23.jp2,7